{"cameraMode":{"drawMode":0,"name":"Shaded","section":"Shading Mode"},"sceneLighting":false,"audioPlay":false,"sceneViewState":{"showFog":false,"showMaterialUpdate":false,"showSkybox":false,"showFlares":false,"showImageEffects":false,"showParticleSystems":false,"showVisualEffectGraphs":true,"m_FxEnabled":true},"in2DMode":false,"pivot":{"x":0.000011682510375976563,"y":0.794451892375946,"z":-0.02717265486717224},"rotation":{"x":-0.08568799495697022,"y":-0.02032187208533287,"z":0.0017718562157824636,"w":-0.9961485266685486},"size":1.4776681661605836,"orthographic":false}