{"cameraMode":{"drawMode":0,"name":"Shaded","section":"Shading Mode"},"sceneLighting":true,"audioPlay":false,"sceneViewState":{"showFog":true,"showMaterialUpdate":false,"showSkybox":false,"showFlares":true,"showImageEffects":true,"showParticleSystems":true,"showVisualEffectGraphs":true,"m_FxEnabled":true},"in2DMode":false,"pivot":{"x":0.02352142333984375,"y":1.4751062393188477,"z":9.143746376037598},"rotation":{"x":-0.07074348628520966,"y":0.014061366207897663,"z":-0.0009974758140742779,"w":-0.9974018931388855},"size":57.8590202331543,"orthographic":false}