{"cameraMode":{"drawMode":0,"name":"Shaded","section":"Shading Mode"},"sceneLighting":false,"audioPlay":false,"sceneViewState":{"showFog":false,"showMaterialUpdate":false,"showSkybox":false,"showFlares":false,"showImageEffects":false,"showParticleSystems":false,"showVisualEffectGraphs":true,"m_FxEnabled":true},"in2DMode":false,"pivot":{"x":0.00706818699836731,"y":-2.043149948120117,"z":1.294027328491211},"rotation":{"x":-0.039299510419368747,"y":0.006593650206923485,"z":-0.0002549189666751772,"w":-0.9992307424545288},"size":0.9988256096839905,"orthographic":false}