{"cameraMode":{"drawMode":0,"name":"Shaded","section":"Shading Mode"},"sceneLighting":false,"audioPlay":false,"sceneViewState":{"showFog":false,"showMaterialUpdate":false,"showSkybox":false,"showFlares":false,"showImageEffects":false,"showParticleSystems":false,"showVisualEffectGraphs":true,"m_FxEnabled":true},"in2DMode":false,"pivot":{"x":0.031771332025527957,"y":0.8131520748138428,"z":-0.04436677694320679},"rotation":{"x":-0.039299510419368747,"y":0.006593650206923485,"z":-0.0002549189666751772,"w":-0.9992307424545288},"size":1.1776447296142579,"orthographic":false}